category_30-302,肉じゃが
category_30-303,牛丼
category_30-304,親子丼
category_30-305,豚の生姜焼き
category_30-313,天ぷら
category_30-300-1130,ハンバーグステーキ
category_30-300-1131,煮込みハンバーグ
category_30-300-1132,和風ハンバーグ
category_30-300-1135,豆腐ハンバーグ
category_30-300-1133,おからハンバーグ
category_30-300-1134,照り焼きハンバーグ
category_30-301-1137,水餃子
category_30-301-1138,焼き餃子
category_30-301-1139,蒸し餃子
category_30-301-1140,揚げ餃子
category_30-301-1141,スープ餃子
category_30-307-1157,ドライカレー
category_30-307-1158,キーマカレー
category_30-307-1159,チキンカレー
category_30-307-1160,スープカレー
category_30-307-1161,シーフードカレー
category_30-307-1162,インドカレー
category_30-307-1163,グリーンカレー
category_30-307-1164,野菜カレー
category_30-307-1165,ビーフカレー
category_30-307-1166,ポークカレー
category_30-307-1167,ルウから作るカレー
category_30-306-1147,ポテトグラタン
category_30-306-1148,マカロニグラタン
category_30-306-1149,かぼちゃのグラタン
category_30-306-1150,ミートグラタン
category_30-306-1151,シーフードグラタン
category_30-306-1152,チキングラタン
category_30-306-1153,和風グラタン
category_30-306-1154,スパゲティーグラタン
category_30-306-1155,豆腐グラタン
category_30-309-1173,鶏のから揚げ
category_30-309-1174,カレイの唐揚げ
category_30-309-1175,たこの唐揚げ
category_30-309-1176,手羽先の唐揚げ
category_30-310-1178,かぼちゃコロッケ
category_30-310-1179,クリームコロッケ
category_30-310-1180,ライスコロッケ
category_30-310-1181,ポテトコロッケ
category_30-310-1182,おからコロッケ
category_30-310-1183,里芋コロッケ
category_30-310-1184,さつまいもコロッケ
category_30-310-1185,カレーコロッケ
category_30-308-1169,ビーフシチュー
category_30-308-1170,クリームシチュー
category_30-308-1171,タンシチュー
category_30-311-1187,かぼちゃの煮物
category_30-311-1188,大根の煮物
category_30-311-1204,なすの煮びたし
category_30-311-1189,ひじきの煮物
category_30-311-1190,里芋の煮物
category_30-311-1191,厚揚げの煮物
category_30-311-1192,きんぴらごぼう
category_30-311-1193,ふろふき大根
category_30-311-1991,豚バラ大根
category_30-311-1194,ふきの煮物
category_30-311-1195,たけのこの煮物
category_30-311-1196,レンコンのきんぴら
category_30-311-1197,冬瓜の煮物
category_30-311-1200,梅の甘露煮
category_30-311-1201,栗の甘露煮
category_30-311-1198,金柑の甘露煮
category_30-311-1202,さんまの甘露煮
category_30-311-1199,鮎の甘露煮
category_30-311-1203,うま煮
category_30-311-1205,小松菜の煮びたし
category_30-311-1206,白菜のクリーム煮
category_30-311-1207,イカと大根の煮物
category_30-311-1208,牛肉のしぐれ煮
category_30-312-1214,豚キムチ
category_30-312-1210,レバニラ炒め
category_30-312-1211,肉野菜炒め
category_30-312-1212,なすの味噌炒め
category_30-312-1213,もやし炒め
category_30-314-1217,かき揚げ
category_30-314-1224,エビフライ
category_30-314-1218,メンチカツ
category_30-314-1219,チキンカツ
category_30-314-1220,カツレツ
category_30-314-1221,串カツ
category_30-314-1222,竜田揚げ
category_30-314-1223,フライ
category_30-314-1225,アジフライ
category_30-314-1226,フライドチキン
category_30-314-1227,チキンナゲット
category_30-315-1229,豆腐ステーキ
category_30-315-1230,揚げ出し豆腐
category_30-315-1231,炒り豆腐
category_30-315-1232,冷奴
category_30-315-1233,肉豆腐
category_30-316-1239,白和え
category_30-316-1234,ほうれん草の胡麻和え
category_30-316-1235,ほうれん草のおひたし
category_30-316-1236,菜の花のおひたし
category_30-316-1237,菜の花のからしあえ
category_30-316-1238,小松菜のおひたし
category_30-317-1241,わかめの酢の物
category_30-317-1242,きゅうりの酢の物
category_31-318,ローストビーフ
category_31-319,豚の角煮
category_31-320,チキン南蛮
category_31-321,ピーマンの肉詰め
category_31-323,ロールキャベツ
category_31-324,スペアリブ
category_31-325,ローストチキン
category_31-326,もつ煮込み
category_31-327,ミートボール・肉団子
category_31-328,ミートローフ
category_31-329,牛すじ煮込み
category_31-330,とんかつ
category_31-331,ポークソテー
category_31-332,つくね
category_31-333,焼き豚
category_31-334,煮豚
category_31-322,ステーキ
category_31-335-1261,鶏肉のトマト煮
category_31-335-1262,鶏肉のクリーム煮
category_31-335-1263,鶏肉のさっぱり煮
category_31-335-1264,照り焼きチキン
category_31-335-1265,チキンソテー
category_31-335-1266,鶏そぼろ
category_31-335-1267,蒸し鶏
category_31-335-1268,焼き鳥
category_32-336,ぶり大根
category_32-337,ぶりの照り焼き
category_32-338,さばの味噌煮
category_32-340,あさりの酒蒸し
category_32-341,鮭のムニエル
category_32-343,焼き魚
category_32-344,鮭のホイル焼き
category_32-345,いわしのつみれ
category_32-346,かつおのたたき
category_32-347,いわしの梅煮
category_32-348,かぶら蒸し
category_32-339-1273,金目鯛の煮付け
category_32-339-1274,カレイの煮付け
category_32-339-1275,さばの煮付け
category_32-339-1276,メバルの煮付け
category_32-342-1280,鯵の南蛮漬け
category_32-342-1281,鮭の南蛮漬け
category_33-350,ゆで卵
category_33-351,温泉卵
category_33-352,半熟卵
category_33-353,だし巻き卵・卵焼き
category_33-354,茶碗蒸し
category_33-355,キッシュ
category_33-356,オムレツ
category_33-357,かに玉
category_33-358,スクランブルエッグ
category_33-359,煮卵
category_33-360,目玉焼き
category_33-361,ニラ玉
category_33-362,ポーチドエッグ
category_33-363,スコッチエッグ
category_33-364,卵とじ
category_33-365,薄焼き卵
category_33-366,炒り卵
category_14-121,オムライス
category_14-126,パエリア
category_14-124,タコライス
category_14-122,チキンライス
category_14-123,ハヤシライス
category_14-125,ロコモコ
category_14-368,ハッシュドビーフ
category_14-131-1317,キムチチャーハン
category_14-131-892,あんかけチャーハン
category_14-131-1318,レタスチャーハン
category_14-131-1319,納豆チャーハン
category_14-131-1320,高菜チャーハン
category_14-131-893,アレンジチャーハン
category_14-131-894,ナシゴレン
category_14-131-554,そばめし
category_14-127-1310,エビピラフ
category_14-127-1311,カレーピラフ
category_14-129-560,ちらし寿司
category_14-129-559,いなり寿司
category_14-129-561,手巻き寿司
category_14-129-890,巻き寿司
category_14-129-889,押し寿司
category_14-129-888,にぎり寿司・手まり寿司
category_14-129-891,お祝い・パーティ寿司
category_14-129-1313,すし飯
category_14-130-544,豚丼
category_14-130-1314,天津丼・天津飯
category_14-130-546,中華丼
category_14-130-542,カツ丼
category_14-130-548,天丼
category_14-130-547,海鮮丼
category_14-130-1315,しらす丼
category_14-130-1316,三色丼・そぼろ丼
category_14-130-540,玉子丼
category_14-130-545,鶏丼
category_14-132-1321,栗ご飯
category_14-132-555,おこわ・赤飯
category_14-132-1322,たけのこご飯
category_14-132-1323,鯛めし
category_14-132-1324,豆ごはん
category_14-132-1325,松茸ご飯
category_14-132-1326,鶏飯
category_14-132-1327,深川飯
category_14-132-1328,かやくご飯
category_14-132-138,混ぜご飯
category_14-133-139,おかゆ
category_14-133-557,雑炊
category_14-133-558,おじや
category_14-134-550,肉巻きおにぎり
category_14-134-549,焼きおにぎり
category_14-134-1329,スパムおにぎり
category_14-135-570,残りごはん・冷ごはん
category_14-135-571,お茶漬け
category_14-135-143,ドリア
category_15-687,カルボナーラ
category_15-676,ナポリタン
category_15-681,ペペロンチーノ
category_15-369,ジェノベーゼ
category_15-677,ペスカトーレ
category_15-683,たらこパスタ・明太子パスタ
category_15-682,ボンゴレ
category_15-678,アラビアータ
category_15-679,トマトクリームパスタ
category_15-684,納豆パスタ
category_15-680,トマト系パスタ
category_15-138,クリーム系パスタ
category_15-139,オイル・塩系パスタ
category_15-140,チーズ系パスタ
category_15-141,バジルソース系パスタ
category_15-142,和風パスタ
category_15-685,きのこパスタ
category_15-686,ツナパスタ
category_15-143,冷製パスタ
category_15-145,スープスパ・スープパスタ
category_15-147,ニョッキ
category_15-151,ラザニア
category_15-382,ラビオリ
category_16-383,冷やし中華
category_16-384,つけ麺
category_16-386,たこ焼き
category_16-152-913,カレーうどん
category_16-152-1332,鍋焼きうどん
category_16-152-911,サラダうどん
category_16-152-1333,冷やしうどん
category_16-152-1334,きつねうどん
category_16-152-1335,肉うどん
category_16-152-912,煮込みうどん
category_16-152-1336,釜揚げうどん
category_16-152-572,焼うどん
category_16-152-1337,ぶっかけうどん
category_16-152-150,アレンジうどん
category_16-153-915,あったかい蕎麦
category_16-153-916,冷たい蕎麦
category_16-153-149,アレンジそば
category_16-153-917,そば寿司
category_16-154-151,素麺・冷麦
category_16-154-573,にゅうめん
category_16-154-918,アレンジそうめん
category_16-155-1338,あんかけ焼きそば
category_16-155-575,塩焼きそば
category_16-155-574,ソース焼きそば
category_16-155-152,アレンジ焼きそば
category_16-156-1339,味噌ラーメン
category_16-156-1340,塩ラーメン
category_16-156-1341,冷やしラーメン
category_16-156-1342,醤油ラーメン
category_16-156-1343,トマトラーメン
category_16-156-1344,豚骨ラーメン
category_16-156-1345,ラーメンサラダ
category_16-156-919,ラーメンスープ・つけだれ
category_16-385-1349,広島風お好み焼き
category_16-385-1350,モダン焼き
category_16-385-1351,ねぎ焼き
category_16-385-1353,もんじゃ焼き
category_16-158-920,おやき
category_16-158-921,おかず系のクレープ
category_17-161,豚汁
category_17-387,けんちん汁
category_17-160,お吸い物
category_17-388,かぼちゃスープ
category_17-169,野菜スープ
category_17-389,チャウダー・クラムチャウダー
category_17-171,コーンスープ・ポタージュ
category_17-168,トマトスープ
category_17-167,コンソメスープ
category_17-170,クリームスープ
category_17-165,和風スープ
category_17-166,韓国風スープ
category_17-390,ポトフ
category_17-159-1355,あさり味噌汁
category_17-159-1356,しじみ味噌汁
category_17-159-1357,なすの味噌汁
category_17-159-1358,なめこの味噌汁
category_17-164-1367,ワンタンスープ
category_17-164-1368,わかめスープ
category_17-164-1369,春雨スープ
category_17-173-341,オニオンスープ
category_17-173-926,オニオングラタンスープ
category_17-173-524,ビシソワーズ
category_17-173-1370,冷製スープ
category_17-173-340,豆乳スープ
category_17-173-345,にんじんスープ
category_17-173-346,モロヘイヤスープ
category_17-173-343,豆スープ
category_17-162-1360,冷汁
category_17-162-1361,粕汁
category_17-162-1362,すまし汁
category_17-162-1363,あら汁
category_17-162-1364,つみれ汁
category_23-391,おでん
category_23-392,すき焼き
category_23-393,もつ鍋
category_23-394,しゃぶしゃぶ
category_23-395,キムチ鍋
category_23-396,湯豆腐
category_23-397,豆乳鍋
category_23-398,ちゃんこ鍋
category_23-399,寄せ鍋
category_23-400,水炊き
category_23-401,トマト鍋
category_23-402,あんこう鍋
category_23-403,石狩鍋
category_23-404,カレー鍋
category_23-405,きりたんぽ鍋
category_23-406,韓国鍋・チゲ鍋
category_23-407,みぞれ鍋
category_23-408,蒸し鍋
category_23-409,ねぎま鍋
category_23-410,鴨鍋
category_23-411,カニ鍋
category_23-412,火鍋
category_23-413,牡蠣鍋
category_23-698,白味噌鍋
category_18-415,ポテトサラダ
category_18-416,春雨サラダ
category_18-417,大根サラダ
category_18-418,コールスロー
category_18-419,かぼちゃサラダ
category_18-420,ごぼうサラダ
category_18-421,マカロニサラダ
category_18-187,シーザーサラダ
category_18-423,コブサラダ
category_18-424,タラモサラダ
category_18-189,スパゲティサラダ
category_18-190,ホットサラダ・温野菜
category_18-703,ジャーサラダ
category_18-185,マヨネーズを使ったサラダ
category_18-186,ナンプラーを使ったサラダ
category_18-184-946,豆腐サラダ
category_18-184-1408,キャベツサラダ
category_18-184-1409,人参サラダ
category_18-184-1412,豚しゃぶ・冷しゃぶサラダ
category_18-184-1410,アボカドサラダ
category_18-184-1411,切り干し大根サラダ
category_18-184-947,海藻サラダ
category_18-184-943,トマトサラダ
category_18-184-945,ツナサラダ
category_18-184-948,ゴーヤサラダ
category_18-184-949,魚介のサラダ
category_18-184-950,お肉を使ったサラダ
category_18-188-953,和風のサラダ
category_18-188-954,中華サラダ
category_18-188-955,イタリアンサラダ
category_18-188-956,韓国風のサラダ
category_18-188-957,洋風・デリ風のサラダ
category_18-188-958,アジアンサラダ
category_22-432,サンドイッチ
category_22-433,フレンチトースト
category_22-434,食パン
category_22-435,蒸しパン
category_22-436,ホットサンド
category_22-437,キャラパン
category_22-229-1433,ハンバーガー
category_22-229-1434,ホットドッグ
category_22-229-1435,ガーリックトースト
category_22-229-587,カレーパン
category_22-229-1436,ピザトースト
category_22-229-1016,コーンパン
category_22-229-1017,焼きそばパン
category_22-229-1018,チーズパン
category_22-229-1019,マヨネーズを使ったパン
category_22-221-1438,ラスク
category_22-221-1439,ケークサレ
category_22-221-1003,シナモンロール
category_22-221-209,メロンパン
category_22-221-207,クリームパン
category_22-221-206,あんぱん
category_22-221-1440,揚げパン
category_22-220-173,ベーグル
category_22-220-996,イングリッシュマフィン
category_22-220-1002,米粉パン
category_22-220-167,ロールパン
category_22-220-997,レーズンパン
category_22-220-999,ミルクパン
category_22-220-1001,白パン
category_22-220-1000,胡桃パン
category_22-220-998,丸パン
category_22-222-169,クロワッサン
category_22-222-168,デニッシュ
category_22-219-165,バゲット・フランスパン
category_22-219-166,カンパーニュ
category_22-219-994,エピ
category_22-219-995,全粒粉・ライ麦・雑穀パン
category_22-223-1009,白神こだま酵母
category_22-223-1006,ホシノ天然酵母
category_22-223-1007,パネトーネマザー
category_22-223-1008,あこ天然酵母
category_22-223-1005,自家製酵母を使ったパン
category_22-223-1004,自家製酵母の作り方
category_22-227-358,フォカッチャ
category_22-227-1014,ブリオッシュ
category_22-227-585,ピタサンド・ピタパン
category_22-227-1015,プレッツェル
category_22-227-1012,グリッシーニ
category_22-231-1020,牛乳・卵を使わないパン
category_22-231-1021,オイルを使わないパン
category_21-440,スイートポテト
category_21-438,シフォンケーキ
category_21-439,パウンドケーキ
category_21-215,ホットケーキ・パンケーキ
category_21-204-985,アイシングクッキー
category_21-204-1442,おからクッキー
category_21-204-1443,ホットケーキミックスでクッキー
category_21-204-1444,チョコチップクッキー
category_21-204-1445,豆乳クッキー
category_21-204-610,ビスケット
category_21-204-611,サブレ
category_21-205-625,レアチーズケーキ
category_21-205-986,ベイクドチーズケーキ
category_21-205-1446,スフレチーズケーキ
category_21-206-497,ロールケーキ
category_21-206-190,スポンジケーキ
category_21-206-1449,バナナケーキ
category_21-206-623,モンブラン
category_21-206-1450,レモンケーキ
category_21-206-188,ショートケーキ
category_21-206-1451,ミルクレープ
category_21-206-1452,フルーツケーキ
category_21-207-817,アップルパイ
category_21-207-1454,ミートパイ
category_21-207-193,タルト
category_21-207-306,パイ
category_21-207-622,ミルフィーユ
category_21-207-987,タルト台
category_21-208-989,ガトーショコラ
category_21-208-607,生チョコ
category_21-208-608,ブラウニー
category_21-208-988,チョコレートケーキ
category_21-208-1120,トリュフ
category_21-208-1455,ザッハトルテ
category_21-209-507,マフィン
category_21-209-499,スコーン
category_21-210-990,カップケーキ
category_21-210-609,マカロン
category_21-210-619,マドレーヌ
category_21-210-1457,ワッフル
category_21-210-991,フィナンシェ
category_21-211-1458,かぼちゃプリン
category_21-211-1459,マンゴープリン
category_21-211-1460,豆乳プリン
category_21-211-1461,カスタードプリン
category_21-211-1462,焼きプリン
category_21-216-602,焼きドーナツ
category_21-216-603,生ドーナツ
category_21-212-195,シュークリーム
category_21-212-992,エクレア
category_21-441-1463,寒天
category_21-441-1464,ゼリー
category_21-441-1465,コーヒーゼリー
category_21-441-1466,フルーツゼリー
category_21-441-1467,ムース・ババロア
category_21-442-1468,アイスクリーム
category_21-442-1469,ジェラート
category_21-442-1470,シャーベット
category_21-214-200,カステラ
category_21-214-184,おはぎ
category_21-214-598,ぜんざい
category_21-214-95,おしるこ
category_21-214-1471,白玉団子
category_21-214-180,だんご
category_21-214-1472,みたらし団子
category_21-214-183,どら焼き
category_21-214-182,羊羹
category_21-214-1473,水ようかん
category_21-214-1474,芋ようかん
category_21-214-599,ういろう
category_21-214-1475,かりんとう
category_21-214-597,大福
category_21-214-181,まんじゅう
category_21-214-600,くずもち
category_21-214-596,わらび餅
category_21-214-185,お餅
category_21-214-186,せんべい
category_21-217-1476,大学芋
category_21-217-614,マシュマロ
category_21-217-616,クレープ
category_21-217-1477,パフェ
category_21-217-1478,コンポート
category_21-217-620,水切りヨーグルト
category_21-217-1479,生キャラメル
category_21-217-122,ドライフルーツ
category_21-217-199,ヨーグルトを使ったお菓子
category_21-218-993,コンフィチュール
category_10-68,ベーコン
category_10-66,ソーセージ・ウインナー
category_11-78-334,うなぎ
category_35-467,厚揚げ
category_35-468,納豆
category_35-469,高野豆腐
category_35-471,木綿豆腐
category_35-472,絹ごし豆腐
category_13-109-110,インスタントラーメン
category_20-485,キャラ弁
category_39-506,マクロビオティック
category_39-505-2004,ヘルシーワンプレート
category_40-515,タジン鍋
category_40-704,メイソンジャー
category_40-517,スープジャー
category_40-520,無水鍋
category_40-525-1755,ル・クルーゼ
category_40-525-1757,活力鍋
category_41-531,酢豚
category_41-532,チンジャオロース
category_41-533,八宝菜
category_41-534,麻婆豆腐
category_41-535,エビチリ
category_41-536,エビマヨ
category_41-537,回鍋肉
category_41-539,バンバンジー
category_41-542,油淋鶏
category_41-543,ビーフン
category_41-538,ジャージャー麺
category_41-541,坦々麺
category_41-546,春巻き
category_41-547,肉まん
category_41-548,シュウマイ
category_41-540,杏仁豆腐
category_41-544,中華ちまき
category_41-545,酸辣湯
category_42-550,チャプチェ
category_42-551,チヂミ
category_42-552,ビビンバ
category_42-554,キムチ
category_42-555,プルコギ
category_42-565,スンドゥブ
category_42-556,チョレギサラダ
category_42-557,冷麺
category_42-558,サムゲタン
category_42-559,サムギョプサル
category_42-560,クッパ
category_42-561,タッカルビ
category_42-562,カムジャタン
category_42-563,トッポギ
category_42-564,ケジャン
category_42-566,テンジャンチゲ
category_42-553-1782,もやしナムル
category_43-569,ピザ
category_43-570,ミネストローネ
category_43-578,リゾット
category_43-571,バーニャカウダ
category_43-572,アクアパッツァ
category_43-573,ピカタ
category_43-574,ブルスケッタ
category_43-575,パニーノ・パニーニ
category_43-576,カルツォーネ
category_43-579,カプレーゼ
category_43-580,パンナコッタ
category_43-581,ティラミス
category_43-577-1807,サーモンカルパッチョ
category_43-577-1808,鯛のカルパッチョ
category_43-577-1809,タコのカルパッチョ
category_44-583,ラタトゥイユ
category_44-584,チーズフォンデュ
category_44-585,テリーヌ
category_44-586,ブイヤベース
category_44-587,ムニエル
category_44-588,ビスク
category_44-590,ガレット
category_44-589-1822,サーモンのマリネ
category_44-589-1823,タコのマリネ
category_25-256-733,スパニッシュオムレツ
category_25-256-732,ガスパチョ
category_25-256-734,チュロス
category_25-256-1827,アヒージョ
category_25-256-1828,ピンチョス
category_25-701-1996,シェパーズパイ
category_25-701-1997,ショートブレッド
category_25-701-1998,ジンジャークッキー
category_25-248-1059,ビーフストロガノフ
category_25-248-1060,ボルシチ
category_25-248-1061,ピロシキ
category_25-255-740,シュトーレン
category_25-255-736,ザワークラウト
category_25-255-738,バームクーヘン
category_25-255-737,アイスバイン
category_25-255-739,トルテ
category_25-257-716,ケバブ
category_25-257-717,トルコアイス
category_25-257-718,キョフテ
category_46-596-1829,トムヤムクン
category_46-596-1830,タイカレー
category_46-596-1831,パッタイ
category_46-596-1832,タイスキ
category_46-596-1833,サテ
category_46-596-1834,ヤムウンセン
category_46-597-1836,タンドリーチキン
category_46-597-1837,ナン
category_46-597-1838,ラッシー
category_46-597-1839,サモサ
category_46-597-1840,チャイ
category_46-597-1841,チャパティ
category_46-597-1842,シークカバブ
category_46-597-1843,ビリヤニ
category_46-597-1844,ラッサム
category_46-597-1845,ドーサ
category_46-598-1847,生春巻き
category_46-598-1848,フォー
category_46-599-1850,タコス
category_46-599-1851,チリコンカン
category_46-599-1852,トルティーヤ
category_46-599-1853,ブリート・ブリトー
category_46-599-1854,ワカモレ
category_46-599-1855,サルサ
category_46-599-1856,ナチョス
category_46-599-1857,エンチラーダ
category_47-602,ゴーヤチャンプル
category_47-600,ソーキそば・沖縄そば
category_47-601,海ぶどう
category_47-603,そうめんチャンプルー
category_47-604,ラフテー
category_47-605,ミミガー
category_47-606,ジューシー
category_47-607,サーターアンダーギー
category_47-608,ヒラヤーチー
category_47-609,コーレーグス・島唐辛子
category_48-612,ちゃんちゃん焼き
category_48-613,筑前煮
category_48-611,ジンギスカン
category_48-614,すいとん
category_48-615,ほうとう
category_48-616,ひつまぶし
category_48-617,ちゃんぽん
category_48-618,明石焼き
category_48-619,いかめし
category_48-620,せんべい汁
category_48-621,皿うどん
category_48-622,きりたんぽ
category_48-623,のっぺい汁
category_48-624,治部煮
category_48-625,いちご煮
category_48-626,三升漬け
category_48-627,三平汁
category_48-629,辛子蓮根
category_49-636,栗きんとん
category_49-637,お雑煮
category_49-638,錦玉子・伊達巻
category_49-639,なます
category_49-640,黒豆
category_49-641,数の子
category_49-642,田作り
category_49-643,煮しめ
category_49-644,たたきごぼう
category_49-645,昆布巻き
category_49-646,酢れんこん
category_49-648,おせちの海老料理
category_49-649,八幡巻き
category_55-672,恵方巻き
category_55-673,七草粥
